{
  "flow_cfs": 21.0,
  "flow_change": null,
  "boundary_condition": "normal_depth",
  "boundary_value": 0.003,
  "sections": [
    {
      "river_station": "0",
      "geometry": [
        [
          0.0,
          822.7903627646539
        ],
        [
          9.153327733095438,
          820.7876944411947
        ],
        [
          21.447559651511753,
          819.3821617043612
        ],
        [
          27.05681148738794,
          821.222472882679
        ],
        [
          42.03114624161861,
          822.9956908134143
        ]
      ],
      "left_bank_station": 2.0,
      "right_bank_station": 40.0,
      "n_lob": 0.025,
      "n_ch": 0.025,
      "n_rob": 0.025,
      "contraction_coeff": 0.1,
      "expansion_coeff": 0.3,
      "L_lob_to_next": 63.4,
      "L_ch_to_next": 63.4,
      "L_rob_to_next": 63.4
    },
    {
      "river_station": "63.4",
      "geometry": [
        [
          0.0,
          824.9887405109821
        ],
        [
          10.24019961084934,
          824.1236586561713
        ],
        [
          19.108874091226745,
          823.1742239233122
        ],
        [
          28.0964105566152,
          822.5715031220374
        ],
        [
          39.24001643407251,
          823.9359904883538
        ],
        [
          42.99105547070665,
          824.5496570694561
        ]
      ],
      "left_bank_station": 2.0,
      "right_bank_station": 41.0,
      "n_lob": 0.025,
      "n_ch": 0.025,
      "n_rob": 0.025,
      "contraction_coeff": 0.1,
      "expansion_coeff": 0.3,
      "L_lob_to_next": 239.6,
      "L_ch_to_next": 239.6,
      "L_rob_to_next": 239.6
    },
    {
      "river_station": "303",
      "geometry": [
        [
          0.0,
          832.1747410065159
        ],
        [
          2.020099286015955,
          831.7036486935725
        ],
        [
          16.408277167843124,
          826.6083345435568
        ],
        [
          24.685394067491124,
          825.9350811194207
        ],
        [
          32.77792881046734,
          826.4627266552689
        ],
        [
          42.43745926304404,
          828.9856013932484
        ]
      ],
      "left_bank_station": 2.0,
      "right_bank_station": 40.0,
      "n_lob": 0.025,
      "n_ch": 0.025,
      "n_rob": 0.025,
      "contraction_coeff": 0.1,
      "expansion_coeff": 0.3,
      "L_lob_to_next": 0.0,
      "L_ch_to_next": 0.0,
      "L_rob_to_next": 0.0
    }
  ]
}