{
  "flow_cfs": 500.0,
  "flow_change": null,
  "boundary_condition": "normal_depth",
  "boundary_value": 0.003,
  "sections": [
    {
      "river_station": "0",
      "geometry": [
        [
          0.0,
          912.7789916992188
        ],
        [
          81.66508045914206,
          905.9190063476562
        ],
        [
          156.3671714824029,
          900.4509887695312
        ],
        [
          235.9510620921605,
          894.7630004882812
        ],
        [
          262.0248002874975,
          890.614990234375
        ],
        [
          293.5723970271952,
          885.9249877929688
        ],
        [
          322.84723208069676,
          880.7420043945312
        ],
        [
          347.75040237676626,
          873.8839721679688
        ],
        [
          368.9810484235663,
          873.2080078125
        ],
        [
          391.0348053225908,
          875.135986328125
        ],
        [
          426.43444358018195,
          883.7260131835938
        ],
        [
          477.8296706416814,
          887.1400146484375
        ],
        [
          529.918988434248,
          889.7919921875
        ],
        [
          629.7431928188954,
          899.6019897460938
        ],
        [
          721.1957077925592,
          918.822021484375
        ]
      ],
      "left_bank_station": 322.847,
      "right_bank_station": 426.434,
      "n_lob": 0.05,
      "n_ch": 0.035,
      "n_rob": 0.05,
      "contraction_coeff": 0.1,
      "expansion_coeff": 0.3,
      "L_lob_to_next": 0.0,
      "L_ch_to_next": 0.0,
      "L_rob_to_next": 0.0
    },
    {
      "river_station": "212",
      "geometry": [
        [
          0.0,
          905.739990234375
        ],
        [
          95.37747671579352,
          903.9039916992188
        ],
        [
          145.99795883329864,
          902.4609985351562
        ],
        [
          196.4539325171057,
          898.68798828125
        ],
        [
          254.71051739665876,
          892.4869995117188
        ],
        [
          326.93101593266925,
          884.6010131835938
        ],
        [
          336.8889951479612,
          883.3330078125
        ],
        [
          366.2364785618336,
          880.75
        ],
        [
          383.39610901137155,
          877.7260131835938
        ],
        [
          403.86956470369114,
          872.0989990234375
        ],
        [
          416.8214587347369,
          875.0289916992188
        ],
        [
          458.46567896051573,
          889.4409790039062
        ],
        [
          512.2869003757215,
          881.9990234375
        ],
        [
          542.1883656010731,
          884.7440185546875
        ],
        [
          634.7643450220606,
          897.0139770507812
        ],
        [
          686.3709340592492,
          904.0440063476562
        ],
        [
          755.9816787115467,
          912.5659790039062
        ]
      ],
      "left_bank_station": 366.236,
      "right_bank_station": 416.821,
      "n_lob": 0.05,
      "n_ch": 0.035,
      "n_rob": 0.05,
      "contraction_coeff": 0.1,
      "expansion_coeff": 0.3,
      "L_lob_to_next": 212.0,
      "L_ch_to_next": 212.0,
      "L_rob_to_next": 212.0
    },
    {
      "river_station": "558",
      "geometry": [
        [
          0.0,
          909.5900268554688
        ],
        [
          47.52567982458979,
          907.1339721679688
        ],
        [
          75.28908126966162,
          902.9299926757812
        ],
        [
          94.57562958043476,
          901.0919799804688
        ],
        [
          116.9615073639089,
          900.6920166015625
        ],
        [
          167.3008763299241,
          887.9860229492188
        ],
        [
          194.62348643725903,
          880.5120239257812
        ],
        [
          222.35896157045207,
          877.3759765625
        ],
        [
          227.1063632728237,
          874.1849975585938
        ],
        [
          232.07639301296302,
          873.3599853515625
        ],
        [
          236.40394473041462,
          875.2160034179688
        ],
        [
          242.01769616114908,
          878.5070190429688
        ],
        [
          248.5585765751273,
          881.9630126953125
        ],
        [
          259.8162358581369,
          887.1500244140625
        ],
        [
          287.3272799923187,
          891.6610107421875
        ],
        [
          312.49439862746044,
          893.5369873046875
        ],
        [
          403.8485527145485,
          899.5230102539062
        ],
        [
          469.0467222270001,
          899.177978515625
        ],
        [
          537.7632741322528,
          904.8560180664062
        ],
        [
          589.6938947396224,
          908.7369995117188
        ]
      ],
      "left_bank_station": 194.623,
      "right_bank_station": 259.816,
      "n_lob": 0.05,
      "n_ch": 0.035,
      "n_rob": 0.05,
      "contraction_coeff": 0.1,
      "expansion_coeff": 0.3,
      "L_lob_to_next": 346.0,
      "L_ch_to_next": 346.0,
      "L_rob_to_next": 346.0
    },
    {
      "river_station": "740",
      "geometry": [
        [
          0.0,
          913.7789916992188
        ],
        [
          93.58815731812255,
          898.7630004882812
        ],
        [
          134.00433184623876,
          881.2659912109375
        ],
        [
          184.0799472733218,
          880.6500244140625
        ],
        [
          213.4645480733896,
          884.0969848632812
        ],
        [
          267.02130075470046,
          889.6580200195312
        ],
        [
          317.096916182006,
          895.0460205078125
        ],
        [
          361.72717532719565,
          897.2440185546875
        ],
        [
          417.4805353254929,
          898.1119995117188
        ],
        [
          470.9930992591988,
          900.22998046875
        ],
        [
          603.5030418919054,
          921.3259887695312
        ]
      ],
      "left_bank_station": 134.004,
      "right_bank_station": 267.021,
      "n_lob": 0.05,
      "n_ch": 0.035,
      "n_rob": 0.05,
      "contraction_coeff": 0.1,
      "expansion_coeff": 0.3,
      "L_lob_to_next": 182.0,
      "L_ch_to_next": 182.0,
      "L_rob_to_next": 182.0
    },
    {
      "river_station": "920",