{
  "attempts": [
    {
      "attempt_label": "requested",
      "fixed_edge_vertices": 0,
      "fixed_edges_count": 0,
      "fixed_variant": "no-fixed-edges",
      "n_quads": 0,
      "n_triangles": 1872,
      "n_vertices": 1023,
      "quad_layers_count": 0,
      "quality": {
        "bbox_area": 220078.67472701275,
        "max_aspect_ratio": 2.152129927626843,
        "min_angle_deg": 22.04196414912554,
        "min_area": 18.781036376953125
      },
      "smooth": 3,
      "status": "quality-pass",
      "target_size": 10.0,
      "tri_to_quad": false
    }
  ],
  "boundary_split_for_call": 30.0,
  "boundary_split_max_length": 30.0,
  "breakline_vertex_snap_tol": 0.1,
  "cell_type": "triangular",
  "ext_verts_for_tqmesh": [
    [
      2259473.241177301,
      239370.47285102244
    ],
    [
      2259440.169331037,
      239273.61958696402
    ],
    [
      2259384.262162353,
      238977.5478204115
    ],
    [
      2259362.2142648436,
      238889.3562303746
    ],
    [
      2259340.9537922456,
      238848.4101350003
    ],
    [
      2259318.010595986,
      238749.1330970133
    ],
    [
      2259412.6721233437,
      238703.3679820059
    ],
    [
      2259455.1926731467,
      238692.92433819454
    ],
    [
      2259605.879533854,
      238890.6075960528
    ],
    [
      2259629.750719709,
      239089.03682846902
    ],
    [
      2259546.0834873607,
      239398.89273295522
    ]
  ],
  "fixed_edges_after_breakline_preprocess": [],
  "fixed_edges_after_densify": [],
  "fixed_edges_raw": [],
  "int_boundaries_for_tqmesh": [],
  "region_id": 1,
  "result_counts": {
    "n_fixed_edges_added": 0,
    "n_fixed_edges_input": 0,
    "n_quads": 0,
    "n_triangles": 1872,
    "n_vertices": 1023
  },
  "ring_after_breakline_preprocess": [
    [
      2259318.010595986,
      238749.1330970133
    ],
    [
      2259328.354993669,
      238796.4400908714
    ],
    [
      2259340.9537922456,
      238848.4101350003
    ],
    [
      2259362.2142648436,
      238889.3562303746
    ],
    [
      2259384.262162353,
      238977.5478204115
    ],
    [
      2259418.1214335277,
      239166.52979906206
    ],
    [
      2259440.169331037,
      239273.61958696402
    ],
    [
      2259473.241177301,
      239370.47285102244
    ],
    [
      2259546.0834873607,
      239398.89273295522
    ],
    [
      2259552.915340239,
      239361.31754212288
    ],
    [
      2259629.750719709,
      239089.03682846902
    ],
    [
      2259605.879533854,
      238890.6075960528
    ],
    [
      2259455.1926731467,
      238692.92433819454
    ],
    [
      2259412.6721233437,
      238703.3679820059
    ]
  ],
  "ring_initial": [
    [
      2259318.010595986,
      238749.1330970133
    ],
    [
      2259328.354993669,
      238796.4400908714
    ],
    [
      2259340.9537922456,
      238848.4101350003
    ],
    [
      2259362.2142648436,
      238889.3562303746
    ],
    [
      2259384.262162353,
      238977.5478204115
    ],
    [
      2259418.1214335277,
      239166.52979906206
    ],
    [
      2259440.169331037,
      239273.61958696402
    ],
    [
      2259473.241177301,
      239370.47285102244
    ],
    [
      2259546.0834873607,
      239398.89273295522
    ],
    [
      2259552.915340239,
      239361.31754212288
    ],
    [
      2259629.750719709,
      239089.03682846902
    ],
    [
      2259605.879533854,
      238890.6075960528
    ],
    [
      2259455.1926731467,
      238692.92433819454
    ],
    [
      2259412.6721233437,
      238703.3679820059
    ]
  ],
  "strict_fixed_edge_region": false,
  "target_size": 10.0,
  "used_label": "no-fixed-edges/requested (size=10, smooth=3)",
  "used_quality": {
    "bbox_area": 220078.67472701275,
    "max_aspect_ratio": 2.152129927626843,
    "min_angle_deg": 22.04196414912554,
    "min_area": 18.781036376953125
  }
}