{
  "source_npz": "/home/aaron/QGIS_Plugins_dev/qgis-backwater-plugin/artifacts/headless_gui_gmsh_full_align_swe3d_20260528_174224.npz",
  "pair": [
    3,
    5
  ],
  "tol": 0.0002637855883045544,
  "near_from_3_to_5": [
    {
      "node_3": 710,
      "xy_3": [
        2266886.245902663,
        238114.46441220693
      ],
      "nearest_node_5": 591,
      "xy_5": [
        2266886.246043502,
        238114.46423358214
      ],
      "distance": 0.00022746951452823214,
      "node_3_boundary_edges": [
        [
          3,
          [
            710,
            1117
          ]
        ],
        [
          3,
          [
            710,
            1118
          ]
        ]
      ],
      "node_5_boundary_edges": [
        [
          5,
          [
            591,
            592
          ]
        ],
        [
          5,
          [
            590,
            591
          ]
        ]
      ]
    }
  ],
  "near_from_5_to_3": [
    {
      "node_5": 591,
      "xy_5": [
        2266886.246043502,
        238114.46423358214
      ],
      "nearest_node_3": 710,
      "xy_3": [
        2266886.245902663,
        238114.46441220693
      ],
      "distance": 0.00022746951452823214,
      "node_5_boundary_edges": [
        [
          5,
          [
            591,
            592
          ]
        ],
        [
          5,
          [
            590,
            591
          ]
        ]
      ],
      "node_3_boundary_edges": [
        [
          3,
          [
            710,
            1117
          ]
        ],
        [
          3,
          [
            710,
            1118
          ]
        ]
      ]
    }
  ]
}